iso_o,iso_d,tariff
ARG,ARG,0
ARG,AUS,0.039999999
ARG,AUT,0.119999997
ARG,BEL,0.109999999
ARG,BRA,0
ARG,CAN,0.07
ARG,CHE,0.5
ARG,CHL,0
ARG,CHN,0.039999999
ARG,DEU,0.150000006
ARG,DNK,0.01
ARG,ESP,0.029999999
ARG,FIN,0.07
ARG,FRA,0.079999998
ARG,GBR,0.150000006
ARG,GRC,0.059999999
ARG,HUN,0.079999998
ARG,IDN,0.02
ARG,IND,0.449999988
ARG,IRL,0.029999999
ARG,ITA,0.059999999
ARG,JPN,0.050000001
ARG,KOR,0.059999999
ARG,MEX,0.050000001
ARG,MYS,0.02
ARG,NOR,0.090000004
ARG,NZL,0.02
ARG,PHL,0.029999999
ARG,POL,0.02
ARG,PRT,0.059999999
ARG,SGP,0
ARG,SWE,0.07
ARG,THA,0.090000004
ARG,TUR,0.07
ARG,TWN,0.039999999
ARG,USA,0.02
AUS,ARG,0.119999997
AUS,AUS,0
AUS,AUT,0.050000001
AUS,BEL,0.07
AUS,BRA,0.129999995
AUS,CAN,0.029999999
AUS,CHE,0.180000007
AUS,CHL,0.059999999
AUS,CHN,0.07
AUS,DEU,0.029999999
AUS,DNK,0.170000002
AUS,ESP,0.029999999
AUS,FIN,0.02
AUS,FRA,0.029999999
AUS,GBR,0.07
AUS,GRC,0.059999999
AUS,HUN,0.029999999
AUS,IDN,0.050000001
AUS,IND,0.150000006
AUS,IRL,0.039999999
AUS,ITA,0.02
AUS,JPN,0.219999999
AUS,KOR,0.150000006
AUS,MEX,0.170000002
AUS,MYS,0.050000001
AUS,NOR,0.100000001
AUS,NZL,0
AUS,PHL,0.050000001
AUS,POL,0.039999999
AUS,PRT,0.02
AUS,SGP,0
AUS,SWE,0.039999999
AUS,THA,0.059999999
AUS,TUR,0.01
AUS,TWN,0.039999999
AUS,USA,0.050000001
AUT,ARG,0.119999997
AUT,AUS,0.039999999
AUT,AUT,0
AUT,BEL,0
AUT,BRA,0.140000001
AUT,CAN,0.029999999
AUT,CHE,0.02
AUT,CHL,0
AUT,CHN,0.059999999
AUT,DEU,0
AUT,DNK,0
AUT,ESP,0
AUT,FIN,0
AUT,FRA,0
AUT,GBR,0
AUT,GRC,0
AUT,HUN,0
AUT,IDN,0.029999999
AUT,IND,0.150000006
AUT,IRL,0
AUT,ITA,0
AUT,JPN,0.039999999
AUT,KOR,0.079999998
AUT,MEX,0.050000001
AUT,MYS,0.029999999
AUT,NOR,0.02
AUT,NZL,0.050000001
AUT,PHL,0.029999999
AUT,POL,0
AUT,PRT,0
AUT,SGP,0
AUT,SWE,0
AUT,THA,0.109999999
AUT,TUR,0
AUT,TWN,0.050000001
AUT,USA,0.02
BEL,ARG,0.100000001
BEL,AUS,0.039999999
BEL,AUT,0
BEL,BEL,0
BEL,BRA,0.090000004
BEL,CAN,0.039999999
BEL,CHE,0.02
BEL,CHL,0.01
BEL,CHN,0.059999999
BEL,DEU,0
BEL,DNK,0
BEL,ESP,0
BEL,FIN,0
BEL,FRA,0
BEL,GBR,0
BEL,GRC,0
BEL,HUN,0
BEL,IDN,0.07
BEL,IND,0.159999996
BEL,IRL,0
BEL,ITA,0
BEL,JPN,0.050000001
BEL,KOR,0.100000001
BEL,MEX,0.079999998
BEL,MYS,0.07
BEL,NOR,0.02
BEL,NZL,0.039999999
BEL,PHL,0.050000001
BEL,POL,0
BEL,PRT,0
BEL,SGP,0.01
BEL,SWE,0
BEL,THA,0.109999999
BEL,TUR,0.01
BEL,TWN,0.039999999
BEL,USA,0.01
BRA,ARG,0
BRA,AUS,0.039999999
BRA,AUT,0.119999997
BRA,BEL,0.129999995
BRA,BRA,0
BRA,CAN,0.029999999
BRA,CHE,0.49000001
BRA,CHL,0
BRA,CHN,0.039999999
BRA,DEU,0.090000004
BRA,DNK,0.170000002
BRA,ESP,0.140000001
BRA,FIN,0.100000001
BRA,FRA,0.039999999
BRA,GBR,0.180000007
BRA,GRC,0.100000001
BRA,HUN,0.050000001
BRA,IDN,0.039999999
BRA,IND,0.800000012
BRA,IRL,0.200000003
BRA,ITA,0.150000006
BRA,JPN,0.079999998
BRA,KOR,0.119999997
BRA,MEX,0.059999999
BRA,MYS,0.059999999
BRA,NOR,0.25999999
BRA,NZL,0.02
BRA,PHL,0.090000004
BRA,POL,0.050000001
BRA,PRT,0.180000007
BRA,SGP,0
BRA,SWE,0.119999997
BRA,THA,0.079999998
BRA,TUR,0.079999998
BRA,TWN,0.039999999
BRA,USA,0.02
CAN,ARG,0.100000001
CAN,AUS,0.02
CAN,AUT,0.02
CAN,BEL,0.02
CAN,BRA,0.079999998
CAN,CAN,0
CAN,CHE,0.059999999
CAN,CHL,0.059999999
CAN,CHN,0.050000001
CAN,DEU,0.02
CAN,DNK,0.090000004
CAN,ESP,0.02
CAN,FIN,0.050000001
CAN,FRA,0.02
CAN,GBR,0.01
CAN,GRC,0.02
CAN,HUN,0.039999999
CAN,IDN,0.02
CAN,IND,0.129999995
CAN,IRL,0.01
CAN,ITA,0.01
CAN,JPN,0.119999997
CAN,KOR,0.07
CAN,MEX,0
CAN,MYS,0.029999999
CAN,NOR,0
CAN,NZL,0.01
CAN,PHL,0.059999999
CAN,POL,0.029999999
CAN,PRT,0.02
CAN,SGP,0
CAN,SWE,0.029999999
CAN,THA,0.129999995
CAN,TUR,0.02
CAN,TWN,0.039999999
CAN,USA,0
CHE,ARG,0.090000004
CHE,AUS,0.02
CHE,AUT,0.01
CHE,BEL,0.01
CHE,BRA,0.090000004
CHE,CAN,0.050000001
CHE,CHE,0
CHE,CHL,0.059999999
CHE,CHN,0.050000001
CHE,DEU,0.01
CHE,DNK,0
CHE,ESP,0
CHE,FIN,0
CHE,FRA,0.01
CHE,GBR,0
CHE,GRC,0
CHE,HUN,0
CHE,IDN,0.059999999
CHE,IND,0.150000006
CHE,IRL,0
CHE,ITA,0
CHE,JPN,0.01
CHE,KOR,0.07
CHE,MEX,0.119999997
CHE,MYS,0.090000004
CHE,NOR,0.01
CHE,NZL,0.02
CHE,PHL,0.02
CHE,POL,0
CHE,PRT,0.01
CHE,SGP,0
CHE,SWE,0
CHE,THA,0.07
CHE,TUR,0
CHE,TWN,0.039999999
CHE,USA,0.02
CHL,ARG,0.090000004
CHL,AUS,0.02
CHL,AUT,0.02
CHL,BEL,0.01
CHL,BRA,0.07
CHL,CAN,0
CHL,CHE,0.029999999
CHL,CHL,0
CHL,CHN,0.02
CHL,DEU,0.02
CHL,DNK,0.07
CHL,ESP,0.029999999
CHL,FIN,0.039999999
CHL,FRA,0.01
CHL,GBR,0.039999999
CHL,GRC,0
CHL,HUN,0.039999999
CHL,IDN,0.029999999
CHL,IND,0.189999998
CHL,IRL,0.059999999
CHL,ITA,0
CHL,JPN,0.090000004
CHL,KOR,0.050000001
CHL,MEX,0
CHL,MYS,0.050000001
CHL,NOR,0
CHL,NZL,0.039999999
CHL,PHL,0.050000001
CHL,POL,0.039999999
CHL,PRT,0.01
CHL,SGP,0
CHL,SWE,0.07
CHL,THA,0.230000004
CHL,TUR,0
CHL,TWN,0.01
CHL,USA,0
CHN,ARG,0.129999995
CHN,AUS,0.07
CHN,AUT,0.029999999
CHN,BEL,0.029999999
CHN,BRA,0.119999997
CHN,CAN,0.050000001
CHN,CHE,0
CHN,CHL,0.059999999
CHN,CHN,0.039999999
CHN,DEU,0.029999999
CHN,DNK,0.039999999
CHN,ESP,0.050000001
CHN,FIN,0.029999999
CHN,FRA,0.039999999
CHN,GBR,0.039999999
CHN,GRC,0.039999999
CHN,HUN,0.029999999
CHN,IDN,0.059999999
CHN,IND,0.129999995
CHN,IRL,0.02
CHN,ITA,0.039999999
CHN,JPN,0.039999999
CHN,KOR,0.059999999
CHN,MEX,0.109999999
CHN,MYS,0.079999998
CHN,NOR,0.02
CHN,NZL,0.059999999
CHN,PHL,0.050000001
CHN,POL,0.050000001
CHN,PRT,0.039999999
CHN,SGP,0
CHN,SWE,0.039999999
CHN,THA,0.109999999
CHN,TUR,0.039999999
CHN,TWN,0.029999999
CHN,USA,0.029999999
DEU,ARG,0.109999999
DEU,AUS,0.050000001
DEU,AUT,0
DEU,BEL,0
DEU,BRA,0.119999997
DEU,CAN,0.029999999
DEU,CHE,0.01
DEU,CHL,0
DEU,CHN,0.090000004
DEU,DEU,0
DEU,DNK,0
DEU,ESP,0
DEU,FIN,0
DEU,FRA,0
DEU,GBR,0
DEU,GRC,0
DEU,HUN,0
DEU,IDN,0.059999999
DEU,IND,0.159999996
DEU,IRL,0
DEU,ITA,0
DEU,JPN,0.01
DEU,KOR,0.079999998
DEU,MEX,0.07
DEU,MYS,0.090000004
DEU,NOR,0.01
DEU,NZL,0.059999999
DEU,PHL,0.029999999
DEU,POL,0
DEU,PRT,0
DEU,SGP,0
DEU,SWE,0
DEU,THA,0.119999997
DEU,TUR,0
DEU,TWN,0.090000004
DEU,USA,0.02
DNK,ARG,0.079999998
DNK,AUS,0.029999999
DNK,AUT,0
DNK,BEL,0
DNK,BRA,0.109999999
DNK,CAN,0.059999999
DNK,CHE,0.029999999
DNK,CHL,0
DNK,CHN,0.079999998
DNK,DEU,0
DNK,DNK,0
DNK,ESP,0
DNK,FIN,0
DNK,FRA,0
DNK,GBR,0
DNK,GRC,0
DNK,HUN,0
DNK,IDN,0.07
DNK,IND,0.150000006
DNK,IRL,0
DNK,ITA,0
DNK,JPN,0.310000002
DNK,KOR,0.119999997
DNK,MEX,0.039999999
DNK,MYS,0.059999999
DNK,NOR,0.029999999
DNK,NZL,0.029999999
DNK,PHL,0.059999999
DNK,POL,0
DNK,PRT,0
DNK,SGP,0
DNK,SWE,0
DNK,THA,0.109999999
DNK,TUR,0.01
DNK,TWN,0.07
DNK,USA,0.02
ESP,ARG,0.109999999
ESP,AUS,0.050000001
ESP,AUT,0
ESP,BEL,0
ESP,BRA,0.090000004
ESP,CAN,0.039999999
ESP,CHE,0.029999999
ESP,CHL,0
ESP,CHN,0.079999998
ESP,DEU,0
ESP,DNK,0
ESP,ESP,0
ESP,FIN,0
ESP,FRA,0
ESP,GBR,0
ESP,GRC,0
ESP,HUN,0
ESP,IDN,0.059999999
ESP,IND,0.150000006
ESP,IRL,0
ESP,ITA,0
ESP,JPN,0.039999999
ESP,KOR,0.079999998
ESP,MEX,0.07
ESP,MYS,0.059999999
ESP,NOR,0.029999999
ESP,NZL,0.050000001
ESP,PHL,0.059999999
ESP,POL,0
ESP,PRT,0
ESP,SGP,0
ESP,SWE,0
ESP,THA,0.170000002
ESP,TUR,0
ESP,TWN,0.07
ESP,USA,0.029999999
FIN,ARG,0.119999997
FIN,AUS,0.039999999
FIN,AUT,0
FIN,BEL,0
FIN,BRA,0.129999995
FIN,CAN,0.02
FIN,CHE,0
FIN,CHL,0
FIN,CHN,0.059999999
FIN,DEU,0
FIN,DNK,0
FIN,ESP,0
FIN,FIN,0
FIN,FRA,0
FIN,GBR,0
FIN,GRC,0
FIN,HUN,0
FIN,IDN,0.029999999
FIN,IND,0.129999995
FIN,IRL,0
FIN,ITA,0
FIN,JPN,0.02
FIN,KOR,0.039999999
FIN,MEX,0.029999999
FIN,MYS,0.050000001
FIN,NOR,0
FIN,NZL,0.02
FIN,PHL,0.039999999
FIN,POL,0
FIN,PRT,0
FIN,SGP,0
FIN,SWE,0
FIN,THA,0.129999995
FIN,TUR,0
FIN,TWN,0.029999999
FIN,USA,0.01
FRA,ARG,0.090000004
FRA,AUS,0.029999999
FRA,AUT,0
FRA,BEL,0
FRA,BRA,0.109999999
FRA,CAN,0.039999999
FRA,CHE,0.029999999
FRA,CHL,0
FRA,CHN,0.059999999
FRA,DEU,0
FRA,DNK,0
FRA,ESP,0
FRA,FIN,0
FRA,FRA,0
FRA,GBR,0
FRA,GRC,0
FRA,HUN,0
FRA,IDN,0.059999999
FRA,IND,0.119999997
FRA,IRL,0
FRA,ITA,0
FRA,JPN,0.07
FRA,KOR,0.079999998
FRA,MEX,0.050000001
FRA,MYS,0.129999995
FRA,NOR,0.02
FRA,NZL,0.029999999
FRA,PHL,0.039999999
FRA,POL,0
FRA,PRT,0
FRA,SGP,0
FRA,SWE,0
FRA,THA,0.129999995
FRA,TUR,0
FRA,TWN,0.050000001
FRA,USA,0.02
GBR,ARG,0.119999997
GBR,AUS,0.029999999
GBR,AUT,0
GBR,BEL,0
GBR,BRA,0.109999999
GBR,CAN,0.02
GBR,CHE,0.01
GBR,CHL,0.01
GBR,CHN,0.050000001
GBR,DEU,0
GBR,DNK,0
GBR,ESP,0
GBR,FIN,0
GBR,FRA,0
GBR,GBR,0
GBR,GRC,0
GBR,HUN,0
GBR,IDN,0.059999999
GBR,IND,0.170000002
GBR,IRL,0
GBR,ITA,0
GBR,JPN,0.02
GBR,KOR,0.07
GBR,MEX,0.059999999
GBR,MYS,0.109999999
GBR,NOR,0.01
GBR,NZL,0.050000001
GBR,PHL,0.039999999
GBR,POL,0
GBR,PRT,0
GBR,SGP,0
GBR,SWE,0
GBR,THA,0.150000006
GBR,TUR,0
GBR,TWN,0.039999999
GBR,USA,0.02
GRC,ARG,0.100000001
GRC,AUS,0.050000001
GRC,AUT,0
GRC,BEL,0
GRC,BRA,0.059999999
GRC,CAN,0.079999998
GRC,CHE,0.02
GRC,CHL,0.01
GRC,CHN,0.100000001
GRC,DEU,0
GRC,DNK,0
GRC,ESP,0
GRC,FIN,0
GRC,FRA,0
GRC,GBR,0
GRC,GRC,0
GRC,HUN,0
GRC,IDN,0.050000001
GRC,IND,0.140000001
GRC,IRL,0
GRC,ITA,0
GRC,JPN,0.07
GRC,KOR,0.07
GRC,MEX,0.059999999
GRC,MYS,0.07
GRC,NOR,0.02
GRC,NZL,0.050000001
GRC,PHL,0.07
GRC,POL,0
GRC,PRT,0
GRC,SGP,0
GRC,SWE,0
GRC,THA,0.200000003
GRC,TUR,0.01
GRC,TWN,0.059999999
GRC,USA,0.039999999
HUN,ARG,0.109999999
HUN,AUS,0.039999999
HUN,AUT,0
HUN,BEL,0
HUN,BRA,0.129999995
HUN,CAN,0.039999999
HUN,CHE,0.230000004
HUN,CHL,0
HUN,CHN,0.090000004
HUN,DEU,0
HUN,DNK,0
HUN,ESP,0
HUN,FIN,0
HUN,FRA,0
HUN,GBR,0
HUN,GRC,0
HUN,HUN,0
HUN,IDN,0.050000001
HUN,IND,0.129999995
HUN,IRL,0
HUN,ITA,0
HUN,JPN,0.090000004
HUN,KOR,0.079999998
HUN,MEX,0.039999999
HUN,MYS,0.07
HUN,NOR,0.01
HUN,NZL,0.029999999
HUN,PHL,0.02
HUN,POL,0
HUN,PRT,0
HUN,SGP,0
HUN,SWE,0
HUN,THA,0.100000001
HUN,TUR,0
HUN,TWN,0.039999999
HUN,USA,0.02
IDN,ARG,0.119999997
IDN,AUS,0.029999999
IDN,AUT,0.050000001
IDN,BEL,0.039999999
IDN,BRA,0.129999995
IDN,CAN,0.039999999
IDN,CHE,0.029999999
IDN,CHL,0.059999999
IDN,CHN,0.059999999
IDN,DEU,0.039999999
IDN,DNK,0.039999999
IDN,ESP,0.050000001
IDN,FIN,0.039999999
IDN,FRA,0.039999999
IDN,GBR,0.050000001
IDN,GRC,0.029999999
IDN,HUN,0.01
IDN,IDN,0
IDN,IND,0.699999988
IDN,IRL,0.039999999
IDN,ITA,0.039999999
IDN,JPN,0.02
IDN,KOR,0.050000001
IDN,MEX,0.170000002
IDN,MYS,0.059999999
IDN,NOR,0.029999999
IDN,NZL,0.029999999
IDN,PHL,0.02
IDN,POL,0.029999999
IDN,PRT,0.029999999
IDN,SGP,0
IDN,SWE,0.050000001
IDN,THA,0.059999999
IDN,TUR,0.050000001
IDN,TWN,0.050000001
IDN,USA,0.039999999
IND,ARG,0.100000001
IND,AUS,0.050000001
IND,AUT,0.039999999
IND,BEL,0.029999999
IND,BRA,0.07
IND,CAN,0.079999998
IND,CHE,0.02
IND,CHL,0.059999999
IND,CHN,0.050000001
IND,DEU,0.039999999
IND,DNK,0.059999999
IND,ESP,0.039999999
IND,FIN,0.039999999
IND,FRA,0.050000001
IND,GBR,0.039999999
IND,GRC,0.02
IND,HUN,0.039999999
IND,IDN,0.029999999
IND,IND,0
IND,IRL,0.039999999
IND,ITA,0.029999999
IND,JPN,0.02
IND,KOR,0.059999999
IND,MEX,0.170000002
IND,MYS,0.059999999
IND,NOR,0.029999999
IND,NZL,0.039999999
IND,PHL,0.059999999
IND,POL,0.039999999
IND,PRT,0.039999999
IND,SGP,0
IND,SWE,0.050000001
IND,THA,0.079999998
IND,TUR,0.050000001
IND,TWN,0.050000001
IND,USA,0.029999999
IRL,ARG,0.100000001
IRL,AUS,0.01
IRL,AUT,0
IRL,BEL,0
IRL,BRA,0.090000004
IRL,CAN,0.039999999
IRL,CHE,0
IRL,CHL,0.01
IRL,CHN,0.01
IRL,DEU,0
IRL,DNK,0
IRL,ESP,0
IRL,FIN,0
IRL,FRA,0
IRL,GBR,0
IRL,GRC,0
IRL,HUN,0
IRL,IDN,0.170000002
IRL,IND,0.100000001
IRL,IRL,0
IRL,ITA,0
IRL,JPN,0.01
IRL,KOR,0.029999999
IRL,MEX,0.039999999
IRL,MYS,0.01
IRL,NOR,0
IRL,NZL,0.059999999
IRL,PHL,0.01
IRL,POL,0
IRL,PRT,0
IRL,SGP,0
IRL,SWE,0
IRL,THA,0.090000004
IRL,TUR,0.01
IRL,TWN,0.02
IRL,USA,0.01
ITA,ARG,0.100000001
ITA,AUS,0.039999999
ITA,AUT,0
ITA,BEL,0
ITA,BRA,0.129999995
ITA,CAN,0.050000001
ITA,CHE,0.02
ITA,CHL,0
ITA,CHN,0.07
ITA,DEU,0
ITA,DNK,0
ITA,ESP,0
ITA,FIN,0
ITA,FRA,0
ITA,GBR,0
ITA,GRC,0
ITA,HUN,0
ITA,IDN,0.050000001
ITA,IND,0.150000006
ITA,IRL,0
ITA,ITA,0
ITA,JPN,0.07
ITA,KOR,0.079999998
ITA,MEX,0.039999999
ITA,MYS,0.079999998
ITA,NOR,0.02
ITA,NZL,0.050000001
ITA,PHL,0.039999999
ITA,POL,0
ITA,PRT,0
ITA,SGP,0
ITA,SWE,0
ITA,THA,0.129999995
ITA,TUR,0
ITA,TWN,0.059999999
ITA,USA,0.039999999
JPN,ARG,0.109999999
JPN,AUS,0.059999999
JPN,AUT,0.050000001
JPN,BEL,0.029999999
JPN,BRA,0.119999997
JPN,CAN,0.029999999
JPN,CHE,0.01
JPN,CHL,0.059999999
JPN,CHN,0.07
JPN,DEU,0.029999999
JPN,DNK,0.050000001
JPN,ESP,0.050000001
JPN,FIN,0.039999999
JPN,FRA,0.039999999
JPN,GBR,0.039999999
JPN,GRC,0.050000001
JPN,HUN,0.02
JPN,IDN,0.07
JPN,IND,0.159999996
JPN,IRL,0.029999999
JPN,ITA,0.039999999
JPN,JPN,0
JPN,KOR,0.050000001
JPN,MEX,0.119999997
JPN,MYS,0.100000001
JPN,NOR,0
JPN,NZL,0.07
JPN,PHL,0.029999999
JPN,POL,0.039999999
JPN,PRT,0.039999999
JPN,SGP,0
JPN,SWE,0.050000001
JPN,THA,0.129999995
JPN,TUR,0.039999999
JPN,TWN,0.039999999
JPN,USA,0.02
KOR,ARG,0.129999995
KOR,AUS,0.039999999
KOR,AUT,0.039999999
KOR,BEL,0.039999999
KOR,BRA,0.109999999
KOR,CAN,0.050000001
KOR,CHE,0.01
KOR,CHL,0.059999999
KOR,CHN,0.059999999
KOR,DEU,0.029999999
KOR,DNK,0.029999999
KOR,ESP,0.050000001
KOR,FIN,0.02
KOR,FRA,0.039999999
KOR,GBR,0.039999999
KOR,GRC,0.02
KOR,HUN,0.029999999
KOR,IDN,0.059999999
KOR,IND,0.109999999
KOR,IRL,0.02
KOR,ITA,0.039999999
KOR,JPN,0.02
KOR,KOR,0
KOR,MEX,0.100000001
KOR,MYS,0.100000001
KOR,NOR,0
KOR,NZL,0.039999999
KOR,PHL,0.029999999
KOR,POL,0.029999999
KOR,PRT,0.029999999
KOR,SGP,0
KOR,SWE,0.039999999
KOR,THA,0.119999997
KOR,TUR,0.050000001
KOR,TWN,0.02
KOR,USA,0.02
MEX,ARG,0.02
MEX,AUS,0.039999999
MEX,AUT,0
MEX,BEL,0
MEX,BRA,0.059999999
MEX,CAN,0
MEX,CHE,0.02
MEX,CHL,0
MEX,CHN,0.050000001
MEX,DEU,0
MEX,DNK,0
MEX,ESP,0
MEX,FIN,0
MEX,FRA,0
MEX,GBR,0.01
MEX,GRC,0
MEX,HUN,0
MEX,IDN,0.039999999
MEX,IND,0.150000006
MEX,IRL,0
MEX,ITA,0
MEX,JPN,0.119999997
MEX,KOR,0.07
MEX,MEX,0
MEX,MYS,0.039999999
MEX,NOR,0.02
MEX,NZL,0.039999999
MEX,PHL,0.029999999
MEX,POL,0
MEX,PRT,0
MEX,SGP,0
MEX,SWE,0
MEX,THA,0.090000004
MEX,TUR,0.02
MEX,TWN,0.029999999
MEX,USA,0
MYS,ARG,0.109999999
MYS,AUS,0.02
MYS,AUT,0.01
MYS,BEL,0.02
MYS,BRA,0.100000001
MYS,CAN,0.02
MYS,CHE,0.01
MYS,CHL,0.059999999
MYS,CHN,0.039999999
MYS,DEU,0.01
MYS,DNK,0.029999999
MYS,ESP,0.029999999
MYS,FIN,0.01
MYS,FRA,0.01
MYS,GBR,0.02
MYS,GRC,0.029999999
MYS,HUN,0.01
MYS,IDN,0.02
MYS,IND,0.280000001
MYS,IRL,0.01
MYS,ITA,0.029999999
MYS,JPN,0.01
MYS,KOR,0.029999999
MYS,MEX,0.07
MYS,MYS,0
MYS,NOR,0.029999999
MYS,NZL,0.02
MYS,PHL,0.01
MYS,POL,0.01
MYS,PRT,0.02
MYS,SGP,0
MYS,SWE,0.02
MYS,THA,0.039999999
MYS,TUR,0.050000001
MYS,TWN,0.02
MYS,USA,0.01
NOR,ARG,0.079999998
NOR,AUS,0.029999999
NOR,AUT,0
NOR,BEL,0
NOR,BRA,0.109999999
NOR,CAN,0.059999999
NOR,CHE,0
NOR,CHL,0.050000001
NOR,CHN,0.109999999
NOR,DEU,0.01
NOR,DNK,0.01
NOR,ESP,0
NOR,FIN,0.01
NOR,FRA,0.01
NOR,GBR,0
NOR,GRC,0
NOR,HUN,0
NOR,IDN,0.039999999
NOR,IND,0.140000001
NOR,IRL,0
NOR,ITA,0.01
NOR,JPN,0.029999999
NOR,KOR,0.059999999
NOR,MEX,0.109999999
NOR,MYS,0.059999999
NOR,NOR,0
NOR,NZL,0.029999999
NOR,PHL,0.039999999
NOR,POL,0
NOR,PRT,0
NOR,SGP,0
NOR,SWE,0.01
NOR,THA,0.280000001
NOR,TUR,0
NOR,TWN,0.039999999
NOR,USA,0.02
NZL,ARG,0.090000004
NZL,AUS,0
NZL,AUT,0.079999998
NZL,BEL,0.090000004
NZL,BRA,0.129999995
NZL,CAN,0.280000001
NZL,CHE,0.340000004
NZL,CHL,0.059999999
NZL,CHN,0.079999998
NZL,DEU,0.100000001
NZL,DNK,0.529999971
NZL,ESP,0.140000001
NZL,FIN,0.129999995
NZL,FRA,0.100000001
NZL,GBR,0.090000004
NZL,GRC,0.100000001
NZL,HUN,0.119999997
NZL,IDN,0.039999999
NZL,IND,0.200000003
NZL,IRL,0.050000001
NZL,ITA,0.059999999
NZL,JPN,0.109999999
NZL,KOR,0.209999993
NZL,MEX,0.370000005
NZL,MYS,0.029999999
NZL,NOR,0.600000024
NZL,NZL,0
NZL,PHL,0.050000001
NZL,POL,0.159999996
NZL,PRT,0.090000004
NZL,SGP,0
NZL,SWE,0.07
NZL,THA,0.129999995
NZL,TUR,0.02
NZL,TWN,0.140000001
NZL,USA,0.079999998
PHL,ARG,0.090000004
PHL,AUS,0.029999999
PHL,AUT,0.01
PHL,BEL,0.01
PHL,BRA,0.039999999
PHL,CAN,0.029999999
PHL,CHE,0
PHL,CHL,0.059999999
PHL,CHN,0.02
PHL,DEU,0.01
PHL,DNK,0.02
PHL,ESP,0.02
PHL,FIN,0.01
PHL,FRA,0.02
PHL,GBR,0.01
PHL,GRC,0.029999999
PHL,HUN,0
PHL,IDN,0.01
PHL,IND,0.109999999
PHL,IRL,0
PHL,ITA,0.02
PHL,JPN,0.01
PHL,KOR,0.02
PHL,MEX,0.039999999
PHL,MYS,0.01
PHL,NOR,0.02
PHL,NZL,0.029999999
PHL,PHL,0
PHL,POL,0.01
PHL,PRT,0.01
PHL,SGP,0
PHL,SWE,0.01
PHL,THA,0.07
PHL,TUR,0.01
PHL,TWN,0.01
PHL,USA,0.029999999
POL,ARG,0.129999995
POL,AUS,0.079999998
POL,AUT,0
POL,BEL,0
POL,BRA,0.100000001
POL,CAN,0.039999999
POL,CHE,0.100000001
POL,CHL,0
POL,CHN,0.059999999
POL,DEU,0
POL,DNK,0
POL,ESP,0
POL,FIN,0
POL,FRA,0
POL,GBR,0
POL,GRC,0
POL,HUN,0
POL,IDN,0.02
POL,IND,0.129999995
POL,IRL,0
POL,ITA,0
POL,JPN,0.02
POL,KOR,0.090000004
POL,MEX,0.129999995
POL,MYS,0.090000004
POL,NOR,0.01
POL,NZL,0.07
POL,PHL,0.050000001
POL,POL,0
POL,PRT,0
POL,SGP,0
POL,SWE,0
POL,THA,0.129999995
POL,TUR,0.01
POL,TWN,0.029999999
POL,USA,0.029999999
PRT,ARG,0.07
PRT,AUS,0.039999999
PRT,AUT,0
PRT,BEL,0
PRT,BRA,0.129999995
PRT,CAN,0.059999999
PRT,CHE,0.02
PRT,CHL,0
PRT,CHN,0.039999999
PRT,DEU,0
PRT,DNK,0
PRT,ESP,0
PRT,FIN,0
PRT,FRA,0
PRT,GBR,0
PRT,GRC,0
PRT,HUN,0
PRT,IDN,0.050000001
PRT,IND,0.150000006
PRT,IRL,0
PRT,ITA,0
PRT,JPN,0.050000001
PRT,KOR,0.059999999
PRT,MEX,0.029999999
PRT,MYS,0.01
PRT,NOR,0
PRT,NZL,0.039999999
PRT,PHL,0.050000001
PRT,POL,0
PRT,PRT,0
PRT,SGP,0
PRT,SWE,0
PRT,THA,0.159999996
PRT,TUR,0.01
PRT,TWN,0.050000001
PRT,USA,0.029999999
SGP,ARG,0.02
SGP,AUS,0.01
SGP,AUT,0.01
SGP,BEL,0.02
SGP,BRA,0.100000001
SGP,CAN,0.02
SGP,CHE,0
SGP,CHL,0.059999999
SGP,CHN,0.029999999
SGP,DEU,0
SGP,DNK,0.01
SGP,ESP,0.02
SGP,FIN,0.02
SGP,FRA,0.01
SGP,GBR,0.01
SGP,GRC,0.02
SGP,HUN,0.01
SGP,IDN,0.02
SGP,IND,0.100000001
SGP,IRL,0.01
SGP,ITA,0.02
SGP,JPN,0.01
SGP,KOR,0.02
SGP,MEX,0.050000001
SGP,MYS,0.02
SGP,NOR,0
SGP,NZL,0
SGP,PHL,0.01
SGP,POL,0.01
SGP,PRT,0.02
SGP,SGP,0
SGP,SWE,0.02
SGP,THA,0.039999999
SGP,TUR,0.029999999
SGP,TWN,0.02
SGP,USA,0.01
SWE,ARG,0.100000001
SWE,AUS,0.039999999
SWE,AUT,0
SWE,BEL,0
SWE,BRA,0.129999995
SWE,CAN,0.02
SWE,CHE,0.01
SWE,CHL,0
SWE,CHN,0.059999999
SWE,DEU,0
SWE,DNK,0
SWE,ESP,0
SWE,FIN,0
SWE,FRA,0
SWE,GBR,0
SWE,GRC,0
SWE,HUN,0
SWE,IDN,0.039999999
SWE,IND,0.100000001
SWE,IRL,0
SWE,ITA,0
SWE,JPN,0.01
SWE,KOR,0.059999999
SWE,MEX,0.039999999
SWE,MYS,0.109999999
SWE,NOR,0.01
SWE,NZL,0.039999999
SWE,PHL,0.039999999
SWE,POL,0
SWE,PRT,0
SWE,SGP,0
SWE,SWE,0
SWE,THA,0.150000006
SWE,TUR,0
SWE,TWN,0.07
SWE,USA,0.01
THA,ARG,0.119999997
THA,AUS,0.039999999
THA,AUT,0.039999999
THA,BEL,0.059999999
THA,BRA,0.119999997
THA,CAN,0.039999999
THA,CHE,0.02
THA,CHL,0.059999999
THA,CHN,0.059999999
THA,DEU,0.050000001
THA,DNK,0.059999999
THA,ESP,0.050000001
THA,FIN,0.039999999
THA,FRA,0.07
THA,GBR,0.059999999
THA,GRC,0.050000001
THA,HUN,0.029999999
THA,IDN,0.07
THA,IND,0.150000006
THA,IRL,0.02
THA,ITA,0.050000001
THA,JPN,0.059999999
THA,KOR,0.140000001
THA,MEX,0.079999998
THA,MYS,0.02
THA,NOR,0.050000001
THA,NZL,0.029999999
THA,PHL,0.039999999
THA,POL,0.079999998
THA,PRT,0.059999999
THA,SGP,0
THA,SWE,0.07
THA,THA,0
THA,TUR,0.050000001
THA,TWN,0.119999997
THA,USA,0.029999999
TUR,ARG,0.140000001
TUR,AUS,0.059999999
TUR,AUT,0
TUR,BEL,0
TUR,BRA,0.140000001
TUR,CAN,0.050000001
TUR,CHE,0.07
TUR,CHL,0.059999999
TUR,CHN,0.07
TUR,DEU,0
TUR,DNK,0
TUR,ESP,0
TUR,FIN,0
TUR,FRA,0
TUR,GBR,0
TUR,GRC,0
TUR,HUN,0
TUR,IDN,0.079999998
TUR,IND,0.159999996
TUR,IRL,0
TUR,ITA,0.01
TUR,JPN,0.059999999
TUR,KOR,0.090000004
TUR,MEX,0.189999998
TUR,MYS,0.119999997
TUR,NOR,0.01
TUR,NZL,0.039999999
TUR,PHL,0.07
TUR,POL,0
TUR,PRT,0
TUR,SGP,0
TUR,SWE,0
TUR,THA,0.100000001
TUR,TUR,0
TUR,TWN,0.02
TUR,USA,0.050000001
TWN,ARG,0.119999997
TWN,AUS,0.029999999
TWN,AUT,0.02
TWN,BEL,0.029999999
TWN,BRA,0.119999997
TWN,CAN,0.039999999
TWN,CHE,0
TWN,CHL,0.059999999
TWN,CHN,0.059999999
TWN,DEU,0.02
TWN,DNK,0.02
TWN,ESP,0.029999999
TWN,FIN,0.02
TWN,FRA,0.02
TWN,GBR,0.02
TWN,GRC,0.029999999
TWN,HUN,0.01
TWN,IDN,0.050000001
TWN,IND,0.109999999
TWN,IRL,0.01
TWN,ITA,0.02
TWN,JPN,0.01
TWN,KOR,0.02
TWN,MEX,0.119999997
TWN,MYS,0.039999999
TWN,NOR,0
TWN,NZL,0.039999999
TWN,PHL,0.029999999
TWN,POL,0.029999999
TWN,PRT,0.02
TWN,SGP,0
TWN,SWE,0.029999999
TWN,THA,0.119999997
TWN,TUR,0.02
TWN,TWN,0
TWN,USA,0.02
USA,ARG,0.079999998
USA,AUS,0.029999999
USA,AUT,0.02
USA,BEL,0.02
USA,BRA,0.090000004
USA,CAN,0.01
USA,CHE,0.01
USA,CHL,0.01
USA,CHN,0.059999999
USA,DEU,0.02
USA,DNK,0.02
USA,ESP,0.02
USA,FIN,0.029999999
USA,FRA,0.02
USA,GBR,0.02
USA,GRC,0.02
USA,HUN,0.02
USA,IDN,0.050000001
USA,IND,0.129999995
USA,IRL,0.01
USA,ITA,0.02
USA,JPN,0.050000001
USA,KOR,0.050000001
USA,MEX,0
USA,MYS,0.029999999
USA,NOR,0.01
USA,NZL,0.029999999
USA,PHL,0.029999999
USA,POL,0.029999999
USA,PRT,0.039999999
USA,SGP,0
USA,SWE,0.02
USA,THA,0.079999998
USA,TUR,0.050000001
USA,TWN,0.029999999
USA,USA,0
